bug.id,project_id,revision.id.buggy,revision.id.fixed,report.id,report.url,buggy_commit_url,fixed_commit_url,compare_url
1,Electron,38aba072908357b4eebc68462714b01a9c2d0138,40da835cbb7a5f76aacebf9d3ee4b66a62cece71,1112,https://github.com/electron/electron/issues/1112,https://github.com/electron/electron/tree/38aba072908357b4eebc68462714b01a9c2d0138,https://github.com/electron/electron/tree/40da835cbb7a5f76aacebf9d3ee4b66a62cece71,https://github.com/electron/electron/compare/38aba072908357b4eebc68462714b01a9c2d0138...40da835cbb7a5f76aacebf9d3ee4b66a62cece71
2,Electron,03ab9b2686dcabfdfafdae6375bdb525dd51e2a3,f8c6056eecf3c343ebdb5a9cb86499db1d1087bf,1901,https://github.com/electron/electron/issues/1901,https://github.com/electron/electron/tree/03ab9b2686dcabfdfafdae6375bdb525dd51e2a3,https://github.com/electron/electron/tree/f8c6056eecf3c343ebdb5a9cb86499db1d1087bf,https://github.com/electron/electron/compare/03ab9b2686dcabfdfafdae6375bdb525dd51e2a3...f8c6056eecf3c343ebdb5a9cb86499db1d1087bf
3,Electron,9cf09b8850c60ce6b93d06e1e101a66337d9f6d9,54dac0f37a5ed62813112b4087a9dd66a50f695f,2064,https://github.com/electron/electron/issues/2064,https://github.com/electron/electron/tree/9cf09b8850c60ce6b93d06e1e101a66337d9f6d9,https://github.com/electron/electron/tree/54dac0f37a5ed62813112b4087a9dd66a50f695f,https://github.com/electron/electron/compare/9cf09b8850c60ce6b93d06e1e101a66337d9f6d9...54dac0f37a5ed62813112b4087a9dd66a50f695f
4,Electron,3f53564a4fefaed16b32a5833ec3bd102a262817,fa588f104cf207dd1f625063ff19f93f98946fd2,2790,https://github.com/electron/electron/issues/2790,https://github.com/electron/electron/tree/3f53564a4fefaed16b32a5833ec3bd102a262817,https://github.com/electron/electron/tree/fa588f104cf207dd1f625063ff19f93f98946fd2,https://github.com/electron/electron/compare/3f53564a4fefaed16b32a5833ec3bd102a262817...fa588f104cf207dd1f625063ff19f93f98946fd2
5,Electron,e3bad233e9fbb497f317c0b9d72fe1e2f4bb6a45,335cd79b37a768873cdc6feb9ee4d114ec25d77f,907,https://github.com/electron/electron/issues/907,https://github.com/electron/electron/tree/e3bad233e9fbb497f317c0b9d72fe1e2f4bb6a45,https://github.com/electron/electron/tree/335cd79b37a768873cdc6feb9ee4d114ec25d77f,https://github.com/electron/electron/compare/e3bad233e9fbb497f317c0b9d72fe1e2f4bb6a45...335cd79b37a768873cdc6feb9ee4d114ec25d77f
6,Electron,fc33eb99f79fe5377b98d2b3463d2c3f5d4b4b28,ca9a54a41eb70390a9ac18b3c695c07a933e0cde,2808,https://github.com/electron/electron/issues/2808,https://github.com/electron/electron/tree/fc33eb99f79fe5377b98d2b3463d2c3f5d4b4b28,https://github.com/electron/electron/tree/ca9a54a41eb70390a9ac18b3c695c07a933e0cde,https://github.com/electron/electron/compare/fc33eb99f79fe5377b98d2b3463d2c3f5d4b4b28...ca9a54a41eb70390a9ac18b3c695c07a933e0cde
7,Electron,28abc8defe89424b136d787d024cbe3e153e53ba,4013b652ff1e0cab465b2319b6521be799a825f4,3290,https://github.com/electron/electron/issues/3290,https://github.com/electron/electron/tree/28abc8defe89424b136d787d024cbe3e153e53ba,https://github.com/electron/electron/tree/4013b652ff1e0cab465b2319b6521be799a825f4,https://github.com/electron/electron/compare/28abc8defe89424b136d787d024cbe3e153e53ba...4013b652ff1e0cab465b2319b6521be799a825f4
8,Electron,9f9f772ff50ccd32b403775178caa54ae0d9e4f8,62f9c3def03c6dcf3b4df530536491db29ff5749,881,https://github.com/electron/electron/issues/881,https://github.com/electron/electron/tree/9f9f772ff50ccd32b403775178caa54ae0d9e4f8,https://github.com/electron/electron/tree/62f9c3def03c6dcf3b4df530536491db29ff5749,https://github.com/electron/electron/compare/9f9f772ff50ccd32b403775178caa54ae0d9e4f8...62f9c3def03c6dcf3b4df530536491db29ff5749
9,Electron,e5386cf8eaa05d29113df42ac7d0885aac140ca4,375ac3e6ec6f925d8cd0959317317d0ba5b1e69d,2669,https://github.com/electron/electron/issues/2669,https://github.com/electron/electron/tree/e5386cf8eaa05d29113df42ac7d0885aac140ca4,https://github.com/electron/electron/tree/375ac3e6ec6f925d8cd0959317317d0ba5b1e69d,https://github.com/electron/electron/compare/e5386cf8eaa05d29113df42ac7d0885aac140ca4...375ac3e6ec6f925d8cd0959317317d0ba5b1e69d
10,Electron,0b668b8e175e5e48db6fe5eb7d6e763495bed5f9,7457f8128345d5ff16c582bf4d141574809f90fc,601,https://github.com/electron/electron/issues/601,https://github.com/electron/electron/tree/0b668b8e175e5e48db6fe5eb7d6e763495bed5f9,https://github.com/electron/electron/tree/7457f8128345d5ff16c582bf4d141574809f90fc,https://github.com/electron/electron/compare/0b668b8e175e5e48db6fe5eb7d6e763495bed5f9...7457f8128345d5ff16c582bf4d141574809f90fc
11,Electron,8ddf4da9ad59ed118d75e89c72f35ac1161e0a04,6347f0e321f6fa709ea383b586f9b3f04fe2b348,3786,https://github.com/electron/electron/issues/3786,https://github.com/electron/electron/tree/8ddf4da9ad59ed118d75e89c72f35ac1161e0a04,https://github.com/electron/electron/tree/6347f0e321f6fa709ea383b586f9b3f04fe2b348,https://github.com/electron/electron/compare/8ddf4da9ad59ed118d75e89c72f35ac1161e0a04...6347f0e321f6fa709ea383b586f9b3f04fe2b348
12,Electron,d4de4505b83633fb9cb5e7cab14aeea53c70a931,ba26a4b4e69089d7447d56e53fb6014a3b1182d8,3864,https://github.com/electron/electron/issues/3864,https://github.com/electron/electron/tree/d4de4505b83633fb9cb5e7cab14aeea53c70a931,https://github.com/electron/electron/tree/ba26a4b4e69089d7447d56e53fb6014a3b1182d8,https://github.com/electron/electron/compare/d4de4505b83633fb9cb5e7cab14aeea53c70a931...ba26a4b4e69089d7447d56e53fb6014a3b1182d8
13,Electron,05aeceeb52eede7d11a1dcfd0761cc8b2e1b6a56,516b01e398c27ec714e74a5ce10d5a37f01e774d,4258,https://github.com/electron/electron/issues/4258,https://github.com/electron/electron/tree/05aeceeb52eede7d11a1dcfd0761cc8b2e1b6a56,https://github.com/electron/electron/tree/516b01e398c27ec714e74a5ce10d5a37f01e774d,https://github.com/electron/electron/compare/05aeceeb52eede7d11a1dcfd0761cc8b2e1b6a56...516b01e398c27ec714e74a5ce10d5a37f01e774d
14,Electron,c10c74b23a6c260b2be7095076e10b845bf577e8,863199348f8a07cdff4dfa23fea0598ddb3dcf2b,3350,https://github.com/electron/electron/issues/3350,https://github.com/electron/electron/tree/c10c74b23a6c260b2be7095076e10b845bf577e8,https://github.com/electron/electron/tree/863199348f8a07cdff4dfa23fea0598ddb3dcf2b,https://github.com/electron/electron/compare/c10c74b23a6c260b2be7095076e10b845bf577e8...863199348f8a07cdff4dfa23fea0598ddb3dcf2b
15,Electron,0ea80f674b0d8a305984e94bea247d3dd8d43b2b,8a744255facacf54cecc8b5eb526ce08afab1ec4,4513,https://github.com/electron/electron/issues/4513,https://github.com/electron/electron/tree/0ea80f674b0d8a305984e94bea247d3dd8d43b2b,https://github.com/electron/electron/tree/8a744255facacf54cecc8b5eb526ce08afab1ec4,https://github.com/electron/electron/compare/0ea80f674b0d8a305984e94bea247d3dd8d43b2b...8a744255facacf54cecc8b5eb526ce08afab1ec4
16,Electron,d89bda5c68e7e2e5237b25c11f8679333017b612,899294a0408b950495906e8297084617bd412319,4266,https://github.com/electron/electron/issues/4266,https://github.com/electron/electron/tree/d89bda5c68e7e2e5237b25c11f8679333017b612,https://github.com/electron/electron/tree/899294a0408b950495906e8297084617bd412319,https://github.com/electron/electron/compare/d89bda5c68e7e2e5237b25c11f8679333017b612...899294a0408b950495906e8297084617bd412319
17,Electron,79b02ca71eaaf5504173a595e85d929f5c23e512,19b6ba044b523580d60046e199ecd6ca025e78ef,9191,https://github.com/electron/electron/issues/9191,https://github.com/electron/electron/tree/79b02ca71eaaf5504173a595e85d929f5c23e512,https://github.com/electron/electron/tree/19b6ba044b523580d60046e199ecd6ca025e78ef,https://github.com/electron/electron/compare/79b02ca71eaaf5504173a595e85d929f5c23e512...19b6ba044b523580d60046e199ecd6ca025e78ef
18,Electron,e4524ce42e164158b61c384220397e515c911838,5e976be43bcf459c2ce8f5283609a464cf6da865,3380,https://github.com/electron/electron/issues/3380,https://github.com/electron/electron/tree/e4524ce42e164158b61c384220397e515c911838,https://github.com/electron/electron/tree/5e976be43bcf459c2ce8f5283609a464cf6da865,https://github.com/electron/electron/compare/e4524ce42e164158b61c384220397e515c911838...5e976be43bcf459c2ce8f5283609a464cf6da865
19,Electron,96ca62384676cfb64203845778993fe7092dc77b,042b511a274331e0b39c1467b34672038c26d720,8911,https://github.com/electron/electron/issues/8911,https://github.com/electron/electron/tree/96ca62384676cfb64203845778993fe7092dc77b,https://github.com/electron/electron/tree/042b511a274331e0b39c1467b34672038c26d720,https://github.com/electron/electron/compare/96ca62384676cfb64203845778993fe7092dc77b...042b511a274331e0b39c1467b34672038c26d720
20,Electron,22099747af4a3132953ad3cbf9652bb73f29944c,6b5bd3b6ceb9457b091171bbde40700be71c66dd,9387,https://github.com/electron/electron/issues/9387,https://github.com/electron/electron/tree/22099747af4a3132953ad3cbf9652bb73f29944c,https://github.com/electron/electron/tree/6b5bd3b6ceb9457b091171bbde40700be71c66dd,https://github.com/electron/electron/compare/22099747af4a3132953ad3cbf9652bb73f29944c...6b5bd3b6ceb9457b091171bbde40700be71c66dd
21,Electron,d4de4505b83633fb9cb5e7cab14aeea53c70a931,eac2f6fec3272dbc5fcd6724c59fb77b14fb29c9,3873,https://github.com/electron/electron/issues/3873,https://github.com/electron/electron/tree/d4de4505b83633fb9cb5e7cab14aeea53c70a931,https://github.com/electron/electron/tree/eac2f6fec3272dbc5fcd6724c59fb77b14fb29c9,https://github.com/electron/electron/compare/d4de4505b83633fb9cb5e7cab14aeea53c70a931...eac2f6fec3272dbc5fcd6724c59fb77b14fb29c9
22,Electron,fb6a4febb04df6a79ff717c992a374294da93900,28900a9b637c4828e8bbdef472fe43ce05b2c6f3,9880,https://github.com/electron/electron/issues/9880,https://github.com/electron/electron/tree/fb6a4febb04df6a79ff717c992a374294da93900,https://github.com/electron/electron/tree/28900a9b637c4828e8bbdef472fe43ce05b2c6f3,https://github.com/electron/electron/compare/fb6a4febb04df6a79ff717c992a374294da93900...28900a9b637c4828e8bbdef472fe43ce05b2c6f3
23,Electron,dfab1043d98067b43b45d8dcbe9d0b84d4820555,50ac7b2eddfec20130ff943ad07e93b193fd88d7,9121,https://github.com/electron/electron/issues/9121,https://github.com/electron/electron/tree/dfab1043d98067b43b45d8dcbe9d0b84d4820555,https://github.com/electron/electron/tree/50ac7b2eddfec20130ff943ad07e93b193fd88d7,https://github.com/electron/electron/compare/dfab1043d98067b43b45d8dcbe9d0b84d4820555...50ac7b2eddfec20130ff943ad07e93b193fd88d7
24,Electron,8a62d81fc5230607ec9fdbe6690f232396da0876,5f2dd2ef6c39cf96abdbd1d6f57d15d4662779c5,8017,https://github.com/electron/electron/issues/8017,https://github.com/electron/electron/tree/8a62d81fc5230607ec9fdbe6690f232396da0876,https://github.com/electron/electron/tree/5f2dd2ef6c39cf96abdbd1d6f57d15d4662779c5,https://github.com/electron/electron/compare/8a62d81fc5230607ec9fdbe6690f232396da0876...5f2dd2ef6c39cf96abdbd1d6f57d15d4662779c5
25,Electron,8a62d81fc5230607ec9fdbe6690f232396da0876,42cb3461afaf789e81ed8601c674cdb527d17df1,9231,https://github.com/electron/electron/issues/9231,https://github.com/electron/electron/tree/8a62d81fc5230607ec9fdbe6690f232396da0876,https://github.com/electron/electron/tree/42cb3461afaf789e81ed8601c674cdb527d17df1,https://github.com/electron/electron/compare/8a62d81fc5230607ec9fdbe6690f232396da0876...42cb3461afaf789e81ed8601c674cdb527d17df1
26,Electron,fded32dc4fbcdbc4898c547550b405c2550a63d5,5f658de19fb12dd4b3952e9aae03aeaca4766fad,10470,https://github.com/electron/electron/issues/10470,https://github.com/electron/electron/tree/fded32dc4fbcdbc4898c547550b405c2550a63d5,https://github.com/electron/electron/tree/5f658de19fb12dd4b3952e9aae03aeaca4766fad,https://github.com/electron/electron/compare/fded32dc4fbcdbc4898c547550b405c2550a63d5...5f658de19fb12dd4b3952e9aae03aeaca4766fad
27,Electron,aaae1bb176903468e14e98e4c23e3191598edeac,a9a9e58b6830b484288030b557e795b1d1d627ae,10051,https://github.com/electron/electron/issues/10051,https://github.com/electron/electron/tree/aaae1bb176903468e14e98e4c23e3191598edeac,https://github.com/electron/electron/tree/a9a9e58b6830b484288030b557e795b1d1d627ae,https://github.com/electron/electron/compare/aaae1bb176903468e14e98e4c23e3191598edeac...a9a9e58b6830b484288030b557e795b1d1d627ae
28,Electron,5383b4809fa406c2a15ab260b242472c45919c16,edd113548ab4a40ce037794a897a2dc23d59ee4e,10539,https://github.com/electron/electron/issues/10539,https://github.com/electron/electron/tree/5383b4809fa406c2a15ab260b242472c45919c16,https://github.com/electron/electron/tree/edd113548ab4a40ce037794a897a2dc23d59ee4e,https://github.com/electron/electron/compare/5383b4809fa406c2a15ab260b242472c45919c16...edd113548ab4a40ce037794a897a2dc23d59ee4e
29,Electron,c0c983d28da8c55992a485850ef85102a156687e,b9ed7380aa2a80830cf9ab15772777a6cf6d6679,11245,https://github.com/electron/electron/issues/11245,https://github.com/electron/electron/tree/c0c983d28da8c55992a485850ef85102a156687e,https://github.com/electron/electron/tree/b9ed7380aa2a80830cf9ab15772777a6cf6d6679,https://github.com/electron/electron/compare/c0c983d28da8c55992a485850ef85102a156687e...b9ed7380aa2a80830cf9ab15772777a6cf6d6679
30,Electron,78ccfa0612b50bd9c70b1f0932266416702a0563,bc76f356911d4d51a707cd9ead14fc090dcd07d0,11657,https://github.com/electron/electron/issues/11657,https://github.com/electron/electron/tree/78ccfa0612b50bd9c70b1f0932266416702a0563,https://github.com/electron/electron/tree/bc76f356911d4d51a707cd9ead14fc090dcd07d0,https://github.com/electron/electron/compare/78ccfa0612b50bd9c70b1f0932266416702a0563...bc76f356911d4d51a707cd9ead14fc090dcd07d0
31,Electron,df0c7e2f741828078a5f7f83ba8667b5e04914da,91e41936229f33b9786094b681f577df9b2272d3,11245,https://github.com/electron/electron/issues/11245,https://github.com/electron/electron/tree/df0c7e2f741828078a5f7f83ba8667b5e04914da,https://github.com/electron/electron/tree/91e41936229f33b9786094b681f577df9b2272d3,https://github.com/electron/electron/compare/df0c7e2f741828078a5f7f83ba8667b5e04914da...91e41936229f33b9786094b681f577df9b2272d3
32,Electron,df0c7e2f741828078a5f7f83ba8667b5e04914da,3e9f9429d1f3b1e78085e6de505f2140a2f26092,11244,https://github.com/electron/electron/issues/11244,https://github.com/electron/electron/tree/df0c7e2f741828078a5f7f83ba8667b5e04914da,https://github.com/electron/electron/tree/3e9f9429d1f3b1e78085e6de505f2140a2f26092,https://github.com/electron/electron/compare/df0c7e2f741828078a5f7f83ba8667b5e04914da...3e9f9429d1f3b1e78085e6de505f2140a2f26092
33,Electron,5f48f91d948db9cca3266b324dabf8f26f9768bd,a9dcce82ed32975049349fe03d2aad6bc0fc01e3,12045,https://github.com/electron/electron/issues/12045,https://github.com/electron/electron/tree/5f48f91d948db9cca3266b324dabf8f26f9768bd,https://github.com/electron/electron/tree/a9dcce82ed32975049349fe03d2aad6bc0fc01e3,https://github.com/electron/electron/compare/5f48f91d948db9cca3266b324dabf8f26f9768bd...a9dcce82ed32975049349fe03d2aad6bc0fc01e3
34,Electron,9aeb61181ad71267f5735cd7a8ee5d4583b94514,f54c94d6c930918c121e56185cd61aa27b56ee27,12147,https://github.com/electron/electron/issues/12147,https://github.com/electron/electron/tree/9aeb61181ad71267f5735cd7a8ee5d4583b94514,https://github.com/electron/electron/tree/f54c94d6c930918c121e56185cd61aa27b56ee27,https://github.com/electron/electron/compare/9aeb61181ad71267f5735cd7a8ee5d4583b94514...f54c94d6c930918c121e56185cd61aa27b56ee27
35,Electron,2681e769a66bad94718424be5a14492778ce674d,4b476f13bb7dea533ddc5e6c617e961652efb5dd,12147,https://github.com/electron/electron/issues/12147,https://github.com/electron/electron/tree/2681e769a66bad94718424be5a14492778ce674d,https://github.com/electron/electron/tree/4b476f13bb7dea533ddc5e6c617e961652efb5dd,https://github.com/electron/electron/compare/2681e769a66bad94718424be5a14492778ce674d...4b476f13bb7dea533ddc5e6c617e961652efb5dd
36,Electron,42934a10061875146afcbd3d99f00689fb1d6216,20a0508a168accda828929885683fd7f097c57c3,12150,https://github.com/electron/electron/issues/12150,https://github.com/electron/electron/tree/42934a10061875146afcbd3d99f00689fb1d6216,https://github.com/electron/electron/tree/20a0508a168accda828929885683fd7f097c57c3,https://github.com/electron/electron/compare/42934a10061875146afcbd3d99f00689fb1d6216...20a0508a168accda828929885683fd7f097c57c3
37,Electron,4c51c03779948960991f4573f4dd0e5a57a8e137,2131dc839a3d436bde1bd436526e53dcdfe11f81,10335,https://github.com/electron/electron/issues/10335,https://github.com/electron/electron/tree/4c51c03779948960991f4573f4dd0e5a57a8e137,https://github.com/electron/electron/tree/2131dc839a3d436bde1bd436526e53dcdfe11f81,https://github.com/electron/electron/compare/4c51c03779948960991f4573f4dd0e5a57a8e137...2131dc839a3d436bde1bd436526e53dcdfe11f81
38,Electron,31d688ad3dcf00852c45a00107e8ea95efee0f1e,558ef7352d314f681215739f7458149eef5e9cd8,12275,https://github.com/electron/electron/issues/12275,https://github.com/electron/electron/tree/31d688ad3dcf00852c45a00107e8ea95efee0f1e,https://github.com/electron/electron/tree/558ef7352d314f681215739f7458149eef5e9cd8,https://github.com/electron/electron/compare/31d688ad3dcf00852c45a00107e8ea95efee0f1e...558ef7352d314f681215739f7458149eef5e9cd8
39,Electron,df0c7e2f741828078a5f7f83ba8667b5e04914da,275815002fa11e9b2559deadddd525730b587c0e,11246,https://github.com/electron/electron/issues/11246,https://github.com/electron/electron/tree/df0c7e2f741828078a5f7f83ba8667b5e04914da,https://github.com/electron/electron/tree/275815002fa11e9b2559deadddd525730b587c0e,https://github.com/electron/electron/compare/df0c7e2f741828078a5f7f83ba8667b5e04914da...275815002fa11e9b2559deadddd525730b587c0e
40,Electron,558d36c1f3702052b8fcc3f2a9290229545d0cd7,97fb15ac49202ab110138bbac643e548b752c8fd,9073,https://github.com/electron/electron/issues/9073,https://github.com/electron/electron/tree/558d36c1f3702052b8fcc3f2a9290229545d0cd7,https://github.com/electron/electron/tree/97fb15ac49202ab110138bbac643e548b752c8fd,https://github.com/electron/electron/compare/558d36c1f3702052b8fcc3f2a9290229545d0cd7...97fb15ac49202ab110138bbac643e548b752c8fd
41,Electron,376094fc0c19de2715b7041d7059e3779ba552e7,addac43bbc398eddaffcaef071c6f8de95ccda27,13620,https://github.com/electron/electron/issues/13620,https://github.com/electron/electron/tree/376094fc0c19de2715b7041d7059e3779ba552e7,https://github.com/electron/electron/tree/addac43bbc398eddaffcaef071c6f8de95ccda27,https://github.com/electron/electron/compare/376094fc0c19de2715b7041d7059e3779ba552e7...addac43bbc398eddaffcaef071c6f8de95ccda27
42,Electron,a7352e57d52cf629b89d2653086b54ae479e97fd,1a649a6ac36100c7a28234a0492464d4ad605e22,12311,https://github.com/electron/electron/issues/12311,https://github.com/electron/electron/tree/a7352e57d52cf629b89d2653086b54ae479e97fd,https://github.com/electron/electron/tree/1a649a6ac36100c7a28234a0492464d4ad605e22,https://github.com/electron/electron/compare/a7352e57d52cf629b89d2653086b54ae479e97fd...1a649a6ac36100c7a28234a0492464d4ad605e22
43,Electron,9c8952aef04f570b2212aa66c65e079ca9aed3f0,811ae1a9360af9b65d8913afdf97c68de6dd27c4,12843,https://github.com/electron/electron/issues/12843,https://github.com/electron/electron/tree/9c8952aef04f570b2212aa66c65e079ca9aed3f0,https://github.com/electron/electron/tree/811ae1a9360af9b65d8913afdf97c68de6dd27c4,https://github.com/electron/electron/compare/9c8952aef04f570b2212aa66c65e079ca9aed3f0...811ae1a9360af9b65d8913afdf97c68de6dd27c4
44,Electron,6045d1218abf065a6211d344617f3884ef7edcd0,5864fa321c886e516fdef5e93e7035711e17913d,601,https://github.com/electron/electron/issues/601,https://github.com/electron/electron/tree/6045d1218abf065a6211d344617f3884ef7edcd0,https://github.com/electron/electron/tree/5864fa321c886e516fdef5e93e7035711e17913d,https://github.com/electron/electron/compare/6045d1218abf065a6211d344617f3884ef7edcd0...5864fa321c886e516fdef5e93e7035711e17913d
45,Electron,6fbec9d5a962470590171c48aa639d603eea0c5d,bdceea6acaf87c61e4284ceca0ac8f8292d1f27a,13608,https://github.com/electron/electron/issues/13608,https://github.com/electron/electron/tree/6fbec9d5a962470590171c48aa639d603eea0c5d,https://github.com/electron/electron/tree/bdceea6acaf87c61e4284ceca0ac8f8292d1f27a,https://github.com/electron/electron/compare/6fbec9d5a962470590171c48aa639d603eea0c5d...bdceea6acaf87c61e4284ceca0ac8f8292d1f27a
46,Electron,a99cc969b593c87051ad1a784aa3298d87f88477,eb79ad4dab445f76ee7bf93288863a4e172bb93d,12840,https://github.com/electron/electron/issues/12840,https://github.com/electron/electron/tree/a99cc969b593c87051ad1a784aa3298d87f88477,https://github.com/electron/electron/tree/eb79ad4dab445f76ee7bf93288863a4e172bb93d,https://github.com/electron/electron/compare/a99cc969b593c87051ad1a784aa3298d87f88477...eb79ad4dab445f76ee7bf93288863a4e172bb93d
47,Electron,ef7947d1766019904e3ec6d27b90cd3edc989fdd,6f076f74335ece0be547f4fc465aad830d33d86e,12316,https://github.com/electron/electron/issues/12316,https://github.com/electron/electron/tree/ef7947d1766019904e3ec6d27b90cd3edc989fdd,https://github.com/electron/electron/tree/6f076f74335ece0be547f4fc465aad830d33d86e,https://github.com/electron/electron/compare/ef7947d1766019904e3ec6d27b90cd3edc989fdd...6f076f74335ece0be547f4fc465aad830d33d86e
48,Electron,12fcac59a27605c86f959bcffad99a6588eacf58,ad9e64d086d8a5d12a046b6a38ed54d371068ee2,13504,https://github.com/electron/electron/issues/13504,https://github.com/electron/electron/tree/12fcac59a27605c86f959bcffad99a6588eacf58,https://github.com/electron/electron/tree/ad9e64d086d8a5d12a046b6a38ed54d371068ee2,https://github.com/electron/electron/compare/12fcac59a27605c86f959bcffad99a6588eacf58...ad9e64d086d8a5d12a046b6a38ed54d371068ee2
49,Electron,4b5cb7c5489580dd568a653fb2d382bdd72568a2,e860748d6b5c27f2d49447546e94e107a22dafca,14513,https://github.com/electron/electron/issues/14513,https://github.com/electron/electron/tree/4b5cb7c5489580dd568a653fb2d382bdd72568a2,https://github.com/electron/electron/tree/e860748d6b5c27f2d49447546e94e107a22dafca,https://github.com/electron/electron/compare/4b5cb7c5489580dd568a653fb2d382bdd72568a2...e860748d6b5c27f2d49447546e94e107a22dafca
50,Electron,e6242d5ef89db814252910f2da90f05062963c38,50a4a8e9c34ebfb1d5353900a243435bd83d89e8,13787,https://github.com/electron/electron/issues/13787,https://github.com/electron/electron/tree/e6242d5ef89db814252910f2da90f05062963c38,https://github.com/electron/electron/tree/50a4a8e9c34ebfb1d5353900a243435bd83d89e8,https://github.com/electron/electron/compare/e6242d5ef89db814252910f2da90f05062963c38...50a4a8e9c34ebfb1d5353900a243435bd83d89e8
51,Electron,22ab85c39ee80240a06bfcbabec7d4961bbd8f14,961147151f6b749a2028e5f55e3d266c4682240b,14568,https://github.com/electron/electron/issues/14568,https://github.com/electron/electron/tree/22ab85c39ee80240a06bfcbabec7d4961bbd8f14,https://github.com/electron/electron/tree/961147151f6b749a2028e5f55e3d266c4682240b,https://github.com/electron/electron/compare/22ab85c39ee80240a06bfcbabec7d4961bbd8f14...961147151f6b749a2028e5f55e3d266c4682240b
52,Electron,16dcc464cf3f60588da0d092f1f37c53ad64c817,122017e6fa6924713c7ff36f7d3dc719d49f633b,15245,https://github.com/electron/electron/issues/15245,https://github.com/electron/electron/tree/16dcc464cf3f60588da0d092f1f37c53ad64c817,https://github.com/electron/electron/tree/122017e6fa6924713c7ff36f7d3dc719d49f633b,https://github.com/electron/electron/compare/16dcc464cf3f60588da0d092f1f37c53ad64c817...122017e6fa6924713c7ff36f7d3dc719d49f633b
53,Electron,260778e0fbcb5cdd53e3c062b465e353a0950b42,869e0ab14d225ebf8945e9febfa73b896e16271f,15317,https://github.com/electron/electron/issues/15317,https://github.com/electron/electron/tree/260778e0fbcb5cdd53e3c062b465e353a0950b42,https://github.com/electron/electron/tree/869e0ab14d225ebf8945e9febfa73b896e16271f,https://github.com/electron/electron/compare/260778e0fbcb5cdd53e3c062b465e353a0950b42...869e0ab14d225ebf8945e9febfa73b896e16271f
54,Electron,c23e7fa101e20db04934f94b433ac96eba91dc6f,4cf264f87af47e05bd14a39ac0a4377dcd0a5413,11585,https://github.com/electron/electron/issues/11585,https://github.com/electron/electron/tree/c23e7fa101e20db04934f94b433ac96eba91dc6f,https://github.com/electron/electron/tree/4cf264f87af47e05bd14a39ac0a4377dcd0a5413,https://github.com/electron/electron/compare/c23e7fa101e20db04934f94b433ac96eba91dc6f...4cf264f87af47e05bd14a39ac0a4377dcd0a5413
55,Electron,466fe816d519696034e3be5565e00353095bb61d,59e118925a7c82dc075fb8d84805b84b551e2e8c,14127,https://github.com/electron/electron/issues/14127,https://github.com/electron/electron/tree/466fe816d519696034e3be5565e00353095bb61d,https://github.com/electron/electron/tree/59e118925a7c82dc075fb8d84805b84b551e2e8c,https://github.com/electron/electron/compare/466fe816d519696034e3be5565e00353095bb61d...59e118925a7c82dc075fb8d84805b84b551e2e8c
56,Electron,a68e3371f3bec4e1de3ea33b4edcd09ed3db2ed9,0b0a17ff911731ed088d72eed92ab77c30b0e5b3,15561,https://github.com/electron/electron/issues/15561,https://github.com/electron/electron/tree/a68e3371f3bec4e1de3ea33b4edcd09ed3db2ed9,https://github.com/electron/electron/tree/0b0a17ff911731ed088d72eed92ab77c30b0e5b3,https://github.com/electron/electron/compare/a68e3371f3bec4e1de3ea33b4edcd09ed3db2ed9...0b0a17ff911731ed088d72eed92ab77c30b0e5b3
57,Electron,0d2a0c758353667aaf37450612585562a9ef1b55,6be69048e648861c8e4e3f947f78dde8314545f8,14685,https://github.com/electron/electron/issues/14685,https://github.com/electron/electron/tree/0d2a0c758353667aaf37450612585562a9ef1b55,https://github.com/electron/electron/tree/6be69048e648861c8e4e3f947f78dde8314545f8,https://github.com/electron/electron/compare/0d2a0c758353667aaf37450612585562a9ef1b55...6be69048e648861c8e4e3f947f78dde8314545f8
58,Electron,c52cf01a3c70b0f6279c2bba80284d1db8f00c41,10969b8c3c8b862fabbb88b8512d30b5eefbed97,15594,https://github.com/electron/electron/issues/15594,https://github.com/electron/electron/tree/c52cf01a3c70b0f6279c2bba80284d1db8f00c41,https://github.com/electron/electron/tree/10969b8c3c8b862fabbb88b8512d30b5eefbed97,https://github.com/electron/electron/compare/c52cf01a3c70b0f6279c2bba80284d1db8f00c41...10969b8c3c8b862fabbb88b8512d30b5eefbed97
59,Electron,45a937df0aff45c918eedf9c9dd09a85cb8d4c6a,c74ae107f1ee0688150b5f2dd4a348ea52c67d6b,15991,https://github.com/electron/electron/issues/15991,https://github.com/electron/electron/tree/45a937df0aff45c918eedf9c9dd09a85cb8d4c6a,https://github.com/electron/electron/tree/c74ae107f1ee0688150b5f2dd4a348ea52c67d6b,https://github.com/electron/electron/compare/45a937df0aff45c918eedf9c9dd09a85cb8d4c6a...c74ae107f1ee0688150b5f2dd4a348ea52c67d6b
60,Electron,134792a5944492637218d8c34e4803697d1fb894,dcb670fa4648dab2cdc7ff62a3e9a4735009a6de,11922,https://github.com/electron/electron/issues/11922,https://github.com/electron/electron/tree/134792a5944492637218d8c34e4803697d1fb894,https://github.com/electron/electron/tree/dcb670fa4648dab2cdc7ff62a3e9a4735009a6de,https://github.com/electron/electron/compare/134792a5944492637218d8c34e4803697d1fb894...dcb670fa4648dab2cdc7ff62a3e9a4735009a6de
61,Electron,4ff79760607555e9138ea4db88cc7381e0c07960,51cfb5cff1ae5176ac991ec4f084b818f050387d,12506,https://github.com/electron/electron/issues/12506,https://github.com/electron/electron/tree/4ff79760607555e9138ea4db88cc7381e0c07960,https://github.com/electron/electron/tree/51cfb5cff1ae5176ac991ec4f084b818f050387d,https://github.com/electron/electron/compare/4ff79760607555e9138ea4db88cc7381e0c07960...51cfb5cff1ae5176ac991ec4f084b818f050387d
62,Electron,7d7401987a1b5ab1ac7d7d21454ef6e3fbf3f78b,73a1a8b3f010b592cdcbfa28a927e5892a3a91a5,14490,https://github.com/electron/electron/issues/14490,https://github.com/electron/electron/tree/7d7401987a1b5ab1ac7d7d21454ef6e3fbf3f78b,https://github.com/electron/electron/tree/73a1a8b3f010b592cdcbfa28a927e5892a3a91a5,https://github.com/electron/electron/compare/7d7401987a1b5ab1ac7d7d21454ef6e3fbf3f78b...73a1a8b3f010b592cdcbfa28a927e5892a3a91a5
63,Electron,5a99ea4c4694a32618dd3e9b24e3b43900e81d12,42aa375497543bf606fc20879c150489bbabf5c9,16664,https://github.com/electron/electron/issues/16664,https://github.com/electron/electron/tree/5a99ea4c4694a32618dd3e9b24e3b43900e81d12,https://github.com/electron/electron/tree/42aa375497543bf606fc20879c150489bbabf5c9,https://github.com/electron/electron/compare/5a99ea4c4694a32618dd3e9b24e3b43900e81d12...42aa375497543bf606fc20879c150489bbabf5c9
64,Electron,8dcb5662e3b1cff27f6e1dd8d156ccff4d9be57b,ed31cfebc9ccdc713290d46ed62a752ddfb361eb,16883,https://github.com/electron/electron/issues/16883,https://github.com/electron/electron/tree/8dcb5662e3b1cff27f6e1dd8d156ccff4d9be57b,https://github.com/electron/electron/tree/ed31cfebc9ccdc713290d46ed62a752ddfb361eb,https://github.com/electron/electron/compare/8dcb5662e3b1cff27f6e1dd8d156ccff4d9be57b...ed31cfebc9ccdc713290d46ed62a752ddfb361eb
65,Electron,db29978fe089d7dd4c90cd92e9846ee1bbb19a76,5025c991ee37fd096e84cedf55a110e3231b7212,17348,https://github.com/electron/electron/issues/17348,https://github.com/electron/electron/tree/db29978fe089d7dd4c90cd92e9846ee1bbb19a76,https://github.com/electron/electron/tree/5025c991ee37fd096e84cedf55a110e3231b7212,https://github.com/electron/electron/compare/db29978fe089d7dd4c90cd92e9846ee1bbb19a76...5025c991ee37fd096e84cedf55a110e3231b7212
66,Electron,515525cfc68731ae879af606b79e8cc1a6b9c91a,2e91bf1e15139ae5d4a8f42d5f684ec1555f740e,15194,https://github.com/electron/electron/issues/15194,https://github.com/electron/electron/tree/515525cfc68731ae879af606b79e8cc1a6b9c91a,https://github.com/electron/electron/tree/2e91bf1e15139ae5d4a8f42d5f684ec1555f740e,https://github.com/electron/electron/compare/515525cfc68731ae879af606b79e8cc1a6b9c91a...2e91bf1e15139ae5d4a8f42d5f684ec1555f740e
67,Electron,be6fb7cb12687b26730b9b2672f01c30889e6ced,b7b9efa875f5e63dd182247909629c37c68d8788,17354,https://github.com/electron/electron/issues/17354,https://github.com/electron/electron/tree/be6fb7cb12687b26730b9b2672f01c30889e6ced,https://github.com/electron/electron/tree/b7b9efa875f5e63dd182247909629c37c68d8788,https://github.com/electron/electron/compare/be6fb7cb12687b26730b9b2672f01c30889e6ced...b7b9efa875f5e63dd182247909629c37c68d8788
68,Electron,1941a468251505a288a29f85ea519135f7fc1208,a8ff6899d4c0707a9b29513521e099a86cd4d7c9,839,https://github.com/electron/electron/issues/839,https://github.com/electron/electron/tree/1941a468251505a288a29f85ea519135f7fc1208,https://github.com/electron/electron/tree/a8ff6899d4c0707a9b29513521e099a86cd4d7c9,https://github.com/electron/electron/compare/1941a468251505a288a29f85ea519135f7fc1208...a8ff6899d4c0707a9b29513521e099a86cd4d7c9
69,Electron,92b9525cfd4eca5a3761f157ee8429915c96536f,58a6fe13d6e432a5da579578eac3f1b5da24a822,10569,https://github.com/electron/electron/issues/10569,https://github.com/electron/electron/tree/92b9525cfd4eca5a3761f157ee8429915c96536f,https://github.com/electron/electron/tree/58a6fe13d6e432a5da579578eac3f1b5da24a822,https://github.com/electron/electron/compare/92b9525cfd4eca5a3761f157ee8429915c96536f...58a6fe13d6e432a5da579578eac3f1b5da24a822
70,Electron,92b9525cfd4eca5a3761f157ee8429915c96536f,58a6fe13d6e432a5da579578eac3f1b5da24a822,10401,https://github.com/electron/electron/issues/10401,https://github.com/electron/electron/tree/92b9525cfd4eca5a3761f157ee8429915c96536f,https://github.com/electron/electron/tree/58a6fe13d6e432a5da579578eac3f1b5da24a822,https://github.com/electron/electron/compare/92b9525cfd4eca5a3761f157ee8429915c96536f...58a6fe13d6e432a5da579578eac3f1b5da24a822
71,Electron,92b9525cfd4eca5a3761f157ee8429915c96536f,58a6fe13d6e432a5da579578eac3f1b5da24a822,11868,https://github.com/electron/electron/issues/11868,https://github.com/electron/electron/tree/92b9525cfd4eca5a3761f157ee8429915c96536f,https://github.com/electron/electron/tree/58a6fe13d6e432a5da579578eac3f1b5da24a822,https://github.com/electron/electron/compare/92b9525cfd4eca5a3761f157ee8429915c96536f...58a6fe13d6e432a5da579578eac3f1b5da24a822
72,Electron,92b9525cfd4eca5a3761f157ee8429915c96536f,58a6fe13d6e432a5da579578eac3f1b5da24a822,14035,https://github.com/electron/electron/issues/14035,https://github.com/electron/electron/tree/92b9525cfd4eca5a3761f157ee8429915c96536f,https://github.com/electron/electron/tree/58a6fe13d6e432a5da579578eac3f1b5da24a822,https://github.com/electron/electron/compare/92b9525cfd4eca5a3761f157ee8429915c96536f...58a6fe13d6e432a5da579578eac3f1b5da24a822
73,Electron,81366b5bfbaf7963d4812b9da41547e10610a4ff,26155c8a000b922cfaaf80e338ef21a55a0b5162,18503,https://github.com/electron/electron/issues/18503,https://github.com/electron/electron/tree/81366b5bfbaf7963d4812b9da41547e10610a4ff,https://github.com/electron/electron/tree/26155c8a000b922cfaaf80e338ef21a55a0b5162,https://github.com/electron/electron/compare/81366b5bfbaf7963d4812b9da41547e10610a4ff...26155c8a000b922cfaaf80e338ef21a55a0b5162
74,Electron,dca583a77f43280e0968c552003c40ae66852977,23286fe5573fdb0e3b263d849dbc2bcc9746776f,18639,https://github.com/electron/electron/issues/18639,https://github.com/electron/electron/tree/dca583a77f43280e0968c552003c40ae66852977,https://github.com/electron/electron/tree/23286fe5573fdb0e3b263d849dbc2bcc9746776f,https://github.com/electron/electron/compare/dca583a77f43280e0968c552003c40ae66852977...23286fe5573fdb0e3b263d849dbc2bcc9746776f
75,Electron,a7e22c78cfb9e049621fa8ea090ceabb7b22a510,b3d8db6996ba0f39015ecdf3e2f69375468f4d8e,10515,https://github.com/electron/electron/issues/10515,https://github.com/electron/electron/tree/a7e22c78cfb9e049621fa8ea090ceabb7b22a510,https://github.com/electron/electron/tree/b3d8db6996ba0f39015ecdf3e2f69375468f4d8e,https://github.com/electron/electron/compare/a7e22c78cfb9e049621fa8ea090ceabb7b22a510...b3d8db6996ba0f39015ecdf3e2f69375468f4d8e
76,Electron,a31faaae616ba82373f5032fb40292a32031fb60,ab70e854f8ab4ee043382f64e427520473d39ce7,18459,https://github.com/electron/electron/issues/18459,https://github.com/electron/electron/tree/a31faaae616ba82373f5032fb40292a32031fb60,https://github.com/electron/electron/tree/ab70e854f8ab4ee043382f64e427520473d39ce7,https://github.com/electron/electron/compare/a31faaae616ba82373f5032fb40292a32031fb60...ab70e854f8ab4ee043382f64e427520473d39ce7
77,Electron,7eaa57b1162e542159673a20ac8a3ced46e78f70,3475cd168eb090ec2944e682fedabab8e8cb22c1,17576,https://github.com/electron/electron/issues/17576,https://github.com/electron/electron/tree/7eaa57b1162e542159673a20ac8a3ced46e78f70,https://github.com/electron/electron/tree/3475cd168eb090ec2944e682fedabab8e8cb22c1,https://github.com/electron/electron/compare/7eaa57b1162e542159673a20ac8a3ced46e78f70...3475cd168eb090ec2944e682fedabab8e8cb22c1
78,Electron,3173b66d005150bcb7dfdcf14b8d289d64fb23e4,c7da54e82a5727b0a4491e788b4c37eafe425e9a,18502,https://github.com/electron/electron/issues/18502,https://github.com/electron/electron/tree/3173b66d005150bcb7dfdcf14b8d289d64fb23e4,https://github.com/electron/electron/tree/c7da54e82a5727b0a4491e788b4c37eafe425e9a,https://github.com/electron/electron/compare/3173b66d005150bcb7dfdcf14b8d289d64fb23e4...c7da54e82a5727b0a4491e788b4c37eafe425e9a
79,Electron,43f8a7ef00d2c80f7a9f4899552453d944d3bf99,01cd6e7a066ce46ab8ade06548c224797da4f79b,17746,https://github.com/electron/electron/issues/17746,https://github.com/electron/electron/tree/43f8a7ef00d2c80f7a9f4899552453d944d3bf99,https://github.com/electron/electron/tree/01cd6e7a066ce46ab8ade06548c224797da4f79b,https://github.com/electron/electron/compare/43f8a7ef00d2c80f7a9f4899552453d944d3bf99...01cd6e7a066ce46ab8ade06548c224797da4f79b
80,Electron,d0ece2bc93e30c829d5c0a000819af92600b5f91,6d5e49478269d38cb494edfb5df51541e19adaf5,19070,https://github.com/electron/electron/issues/19070,https://github.com/electron/electron/tree/d0ece2bc93e30c829d5c0a000819af92600b5f91,https://github.com/electron/electron/tree/6d5e49478269d38cb494edfb5df51541e19adaf5,https://github.com/electron/electron/compare/d0ece2bc93e30c829d5c0a000819af92600b5f91...6d5e49478269d38cb494edfb5df51541e19adaf5
81,Electron,6eed4a98ceb48cb048777d9515586f76aa276476,e03a40026a238eec5b2e5b8bc144a7596a4c1ba1,18808,https://github.com/electron/electron/issues/18808,https://github.com/electron/electron/tree/6eed4a98ceb48cb048777d9515586f76aa276476,https://github.com/electron/electron/tree/e03a40026a238eec5b2e5b8bc144a7596a4c1ba1,https://github.com/electron/electron/compare/6eed4a98ceb48cb048777d9515586f76aa276476...e03a40026a238eec5b2e5b8bc144a7596a4c1ba1
82,Electron,0db6789210bcf30fee8536cfca5187a9ec56268b,f6a29707b64bc2f7364f89096d187246bfc53765,18805,https://github.com/electron/electron/issues/18805,https://github.com/electron/electron/tree/0db6789210bcf30fee8536cfca5187a9ec56268b,https://github.com/electron/electron/tree/f6a29707b64bc2f7364f89096d187246bfc53765,https://github.com/electron/electron/compare/0db6789210bcf30fee8536cfca5187a9ec56268b...f6a29707b64bc2f7364f89096d187246bfc53765
83,Electron,7249b25868f8679dd9f85a48d8ff2bd26ce826c1,27599a851f83190a7a5c8e1555048fba631d156e,8664,https://github.com/electron/electron/issues/8664,https://github.com/electron/electron/tree/7249b25868f8679dd9f85a48d8ff2bd26ce826c1,https://github.com/electron/electron/tree/27599a851f83190a7a5c8e1555048fba631d156e,https://github.com/electron/electron/compare/7249b25868f8679dd9f85a48d8ff2bd26ce826c1...27599a851f83190a7a5c8e1555048fba631d156e
84,Electron,181f663cf1da6eb073a0073312c0cfbcad37bb94,080fdb3817318afbf627feda919a6753997a6d74,19911,https://github.com/electron/electron/issues/19911,https://github.com/electron/electron/tree/181f663cf1da6eb073a0073312c0cfbcad37bb94,https://github.com/electron/electron/tree/080fdb3817318afbf627feda919a6753997a6d74,https://github.com/electron/electron/compare/181f663cf1da6eb073a0073312c0cfbcad37bb94...080fdb3817318afbf627feda919a6753997a6d74
85,Electron,745363959af0e8375f0f0bdf147ea86810b59d60,a7c2f79a94f2dfd87baeefab402b18e1eef28290,13465,https://github.com/electron/electron/issues/13465,https://github.com/electron/electron/tree/745363959af0e8375f0f0bdf147ea86810b59d60,https://github.com/electron/electron/tree/a7c2f79a94f2dfd87baeefab402b18e1eef28290,https://github.com/electron/electron/compare/745363959af0e8375f0f0bdf147ea86810b59d60...a7c2f79a94f2dfd87baeefab402b18e1eef28290
86,Electron,55ccca922d8cb102deb0eecbda4df635296fc05e,5f307381d2548a1567a16924cadd6cbac4145e33,21445,https://github.com/electron/electron/issues/21445,https://github.com/electron/electron/tree/55ccca922d8cb102deb0eecbda4df635296fc05e,https://github.com/electron/electron/tree/5f307381d2548a1567a16924cadd6cbac4145e33,https://github.com/electron/electron/compare/55ccca922d8cb102deb0eecbda4df635296fc05e...5f307381d2548a1567a16924cadd6cbac4145e33
87,Electron,42999f42f206f1acd0d0aa8be23fdc7fc0f8cf6f,d2a94e6b1374809fdcda9bbf41fa16dfd56848c8,17937,https://github.com/electron/electron/issues/17937,https://github.com/electron/electron/tree/42999f42f206f1acd0d0aa8be23fdc7fc0f8cf6f,https://github.com/electron/electron/tree/d2a94e6b1374809fdcda9bbf41fa16dfd56848c8,https://github.com/electron/electron/compare/42999f42f206f1acd0d0aa8be23fdc7fc0f8cf6f...d2a94e6b1374809fdcda9bbf41fa16dfd56848c8
88,Electron,42999f42f206f1acd0d0aa8be23fdc7fc0f8cf6f,d2a94e6b1374809fdcda9bbf41fa16dfd56848c8,19908,https://github.com/electron/electron/issues/19908,https://github.com/electron/electron/tree/42999f42f206f1acd0d0aa8be23fdc7fc0f8cf6f,https://github.com/electron/electron/tree/d2a94e6b1374809fdcda9bbf41fa16dfd56848c8,https://github.com/electron/electron/compare/42999f42f206f1acd0d0aa8be23fdc7fc0f8cf6f...d2a94e6b1374809fdcda9bbf41fa16dfd56848c8
89,Electron,538c4763cf33db72c4842ce3a27d7790e4558de8,217ed9aabc1186fa5fdd0ddd7c7d85710bf34a5c,19984,https://github.com/electron/electron/issues/19984,https://github.com/electron/electron/tree/538c4763cf33db72c4842ce3a27d7790e4558de8,https://github.com/electron/electron/tree/217ed9aabc1186fa5fdd0ddd7c7d85710bf34a5c,https://github.com/electron/electron/compare/538c4763cf33db72c4842ce3a27d7790e4558de8...217ed9aabc1186fa5fdd0ddd7c7d85710bf34a5c
90,Electron,6c4017ff45f22e3859ee5801213d6d7982356fac,e18f508e664c805c9d5e6796cb190e8c27b3301a,24409,https://github.com/electron/electron/issues/24409,https://github.com/electron/electron/tree/6c4017ff45f22e3859ee5801213d6d7982356fac,https://github.com/electron/electron/tree/e18f508e664c805c9d5e6796cb190e8c27b3301a,https://github.com/electron/electron/compare/6c4017ff45f22e3859ee5801213d6d7982356fac...e18f508e664c805c9d5e6796cb190e8c27b3301a
91,Electron,64f484c894fc8c4bc5681211b15b631b6fb36959,1b4eb0b67994a2336a6b8d811a13db98403c7f7e,21716,https://github.com/electron/electron/issues/21716,https://github.com/electron/electron/tree/64f484c894fc8c4bc5681211b15b631b6fb36959,https://github.com/electron/electron/tree/1b4eb0b67994a2336a6b8d811a13db98403c7f7e,https://github.com/electron/electron/compare/64f484c894fc8c4bc5681211b15b631b6fb36959...1b4eb0b67994a2336a6b8d811a13db98403c7f7e
92,Electron,65648756b547577ee50449e5d173804bc69332dc,49096c23591ea88b3bba465c405281c526a9492b,11371,https://github.com/electron/electron/issues/11371,https://github.com/electron/electron/tree/65648756b547577ee50449e5d173804bc69332dc,https://github.com/electron/electron/tree/49096c23591ea88b3bba465c405281c526a9492b,https://github.com/electron/electron/compare/65648756b547577ee50449e5d173804bc69332dc...49096c23591ea88b3bba465c405281c526a9492b
93,Electron,3ada079fe3a28b88e24621756996af81e7d312e6,07654c47ecd8a8f530387c9c23797784f8e68ee1,21515,https://github.com/electron/electron/issues/21515,https://github.com/electron/electron/tree/3ada079fe3a28b88e24621756996af81e7d312e6,https://github.com/electron/electron/tree/07654c47ecd8a8f530387c9c23797784f8e68ee1,https://github.com/electron/electron/compare/3ada079fe3a28b88e24621756996af81e7d312e6...07654c47ecd8a8f530387c9c23797784f8e68ee1
94,Electron,5154b954470e87842e3ff6f9c6785e2371059d60,21d04ed3f42daf0c46281d91aa0b270da8045950,18980,https://github.com/electron/electron/issues/18980,https://github.com/electron/electron/tree/5154b954470e87842e3ff6f9c6785e2371059d60,https://github.com/electron/electron/tree/21d04ed3f42daf0c46281d91aa0b270da8045950,https://github.com/electron/electron/compare/5154b954470e87842e3ff6f9c6785e2371059d60...21d04ed3f42daf0c46281d91aa0b270da8045950
95,Electron,2d502b8ac6a0bd003ac7bf2a4c9d890ef9a8ca20,d9a1c453abcbb56d1a0fade73b25a0c17ca53b10,24741,https://github.com/electron/electron/issues/24741,https://github.com/electron/electron/tree/2d502b8ac6a0bd003ac7bf2a4c9d890ef9a8ca20,https://github.com/electron/electron/tree/d9a1c453abcbb56d1a0fade73b25a0c17ca53b10,https://github.com/electron/electron/compare/2d502b8ac6a0bd003ac7bf2a4c9d890ef9a8ca20...d9a1c453abcbb56d1a0fade73b25a0c17ca53b10
96,Electron,bb16c6f0be4bab57f87e854b43a1d6c3afe9ca50,84a42a050e7d45225e69df5bd2d2bf9f1037ea41,25628,https://github.com/electron/electron/issues/25628,https://github.com/electron/electron/tree/bb16c6f0be4bab57f87e854b43a1d6c3afe9ca50,https://github.com/electron/electron/tree/84a42a050e7d45225e69df5bd2d2bf9f1037ea41,https://github.com/electron/electron/compare/bb16c6f0be4bab57f87e854b43a1d6c3afe9ca50...84a42a050e7d45225e69df5bd2d2bf9f1037ea41
97,Electron,e0a25cb1e3a624e355739aa9edf2e422d7bfb97a,53aaeb7a16af591f2591a3c72242f9470e83006d,21666,https://github.com/electron/electron/issues/21666,https://github.com/electron/electron/tree/e0a25cb1e3a624e355739aa9edf2e422d7bfb97a,https://github.com/electron/electron/tree/53aaeb7a16af591f2591a3c72242f9470e83006d,https://github.com/electron/electron/compare/e0a25cb1e3a624e355739aa9edf2e422d7bfb97a...53aaeb7a16af591f2591a3c72242f9470e83006d
98,Electron,6932e02eb862080f56d5ae811f3f3efce4309221,b1b25607ee08b7524c5f66883e232b535f02de7f,26610,https://github.com/electron/electron/issues/26610,https://github.com/electron/electron/tree/6932e02eb862080f56d5ae811f3f3efce4309221,https://github.com/electron/electron/tree/b1b25607ee08b7524c5f66883e232b535f02de7f,https://github.com/electron/electron/compare/6932e02eb862080f56d5ae811f3f3efce4309221...b1b25607ee08b7524c5f66883e232b535f02de7f
99,Electron,a3389d017f3a33b9aa5698e0579a2f5924a3ea32,70e3aa01821808be311392e4e82bb8ee016e3ddf,25248,https://github.com/electron/electron/issues/25248,https://github.com/electron/electron/tree/a3389d017f3a33b9aa5698e0579a2f5924a3ea32,https://github.com/electron/electron/tree/70e3aa01821808be311392e4e82bb8ee016e3ddf,https://github.com/electron/electron/compare/a3389d017f3a33b9aa5698e0579a2f5924a3ea32...70e3aa01821808be311392e4e82bb8ee016e3ddf
100,Electron,a3389d017f3a33b9aa5698e0579a2f5924a3ea32,70e3aa01821808be311392e4e82bb8ee016e3ddf,22069,https://github.com/electron/electron/issues/22069,https://github.com/electron/electron/tree/a3389d017f3a33b9aa5698e0579a2f5924a3ea32,https://github.com/electron/electron/tree/70e3aa01821808be311392e4e82bb8ee016e3ddf,https://github.com/electron/electron/compare/a3389d017f3a33b9aa5698e0579a2f5924a3ea32...70e3aa01821808be311392e4e82bb8ee016e3ddf
101,Electron,d06bb7c97b0f1db9ffdbdf82e0ec138b376fc560,b6a91ef5dfec14c6a92d62f2c516f1ac967e9522,27039,https://github.com/electron/electron/issues/27039,https://github.com/electron/electron/tree/d06bb7c97b0f1db9ffdbdf82e0ec138b376fc560,https://github.com/electron/electron/tree/b6a91ef5dfec14c6a92d62f2c516f1ac967e9522,https://github.com/electron/electron/compare/d06bb7c97b0f1db9ffdbdf82e0ec138b376fc560...b6a91ef5dfec14c6a92d62f2c516f1ac967e9522
102,Electron,cfc846a3372d0397e50cc1f18dfdebeab57fd046,d4a1b411297ae7651441cf697b5251445c7a575c,29463,https://github.com/electron/electron/issues/29463,https://github.com/electron/electron/tree/cfc846a3372d0397e50cc1f18dfdebeab57fd046,https://github.com/electron/electron/tree/d4a1b411297ae7651441cf697b5251445c7a575c,https://github.com/electron/electron/compare/cfc846a3372d0397e50cc1f18dfdebeab57fd046...d4a1b411297ae7651441cf697b5251445c7a575c
103,Electron,cef4e434cbfea871e6403dfb8cce2db9a8a85368,e54667e17e191a8facee71d3dda251afc3461130,611,https://github.com/electron/electron/issues/611,https://github.com/electron/electron/tree/cef4e434cbfea871e6403dfb8cce2db9a8a85368,https://github.com/electron/electron/tree/e54667e17e191a8facee71d3dda251afc3461130,https://github.com/electron/electron/compare/cef4e434cbfea871e6403dfb8cce2db9a8a85368...e54667e17e191a8facee71d3dda251afc3461130
104,Electron,b52ccc97264481fba6a092a24ba8b63058c964fb,4057e6b56e7d35575d5b46aaebeee91be05c5782,25595,https://github.com/electron/electron/issues/25595,https://github.com/electron/electron/tree/b52ccc97264481fba6a092a24ba8b63058c964fb,https://github.com/electron/electron/tree/4057e6b56e7d35575d5b46aaebeee91be05c5782,https://github.com/electron/electron/compare/b52ccc97264481fba6a092a24ba8b63058c964fb...4057e6b56e7d35575d5b46aaebeee91be05c5782
105,Electron,d27ad0d1822ceb709cf0d87eb49bce8bc9c2d70d,b045d42b0e19eeb86d6ca6f211c23017125ad20f,28178,https://github.com/electron/electron/issues/28178,https://github.com/electron/electron/tree/d27ad0d1822ceb709cf0d87eb49bce8bc9c2d70d,https://github.com/electron/electron/tree/b045d42b0e19eeb86d6ca6f211c23017125ad20f,https://github.com/electron/electron/compare/d27ad0d1822ceb709cf0d87eb49bce8bc9c2d70d...b045d42b0e19eeb86d6ca6f211c23017125ad20f
106,Electron,914256374878da1e61adaf403c59ace22b47dec9,1b4ce6c69aee1661acec09e94d42127d06d2de64,29343,https://github.com/electron/electron/issues/29343,https://github.com/electron/electron/tree/914256374878da1e61adaf403c59ace22b47dec9,https://github.com/electron/electron/tree/1b4ce6c69aee1661acec09e94d42127d06d2de64,https://github.com/electron/electron/compare/914256374878da1e61adaf403c59ace22b47dec9...1b4ce6c69aee1661acec09e94d42127d06d2de64
107,Electron,8844034fa8c5ef62243f1a52aee9f1ffd4da5c19,e7ae6edbd4ca9c31038c6ee6898aba6860fa15c7,29119,https://github.com/electron/electron/issues/29119,https://github.com/electron/electron/tree/8844034fa8c5ef62243f1a52aee9f1ffd4da5c19,https://github.com/electron/electron/tree/e7ae6edbd4ca9c31038c6ee6898aba6860fa15c7,https://github.com/electron/electron/compare/8844034fa8c5ef62243f1a52aee9f1ffd4da5c19...e7ae6edbd4ca9c31038c6ee6898aba6860fa15c7
108,Electron,f4548985f481691d40352b6e12b9c41277cf992c,ddd66543f72b9a4296b8f9094b1667055d130bd6,32390,https://github.com/electron/electron/issues/32390,https://github.com/electron/electron/tree/f4548985f481691d40352b6e12b9c41277cf992c,https://github.com/electron/electron/tree/ddd66543f72b9a4296b8f9094b1667055d130bd6,https://github.com/electron/electron/compare/f4548985f481691d40352b6e12b9c41277cf992c...ddd66543f72b9a4296b8f9094b1667055d130bd6
109,Electron,6d9e8b65bc94dea8fc47f4e03c1833263c3622e9,9416091180e18c1ba1f625f86505332a018d9049,34599,https://github.com/electron/electron/issues/34599,https://github.com/electron/electron/tree/6d9e8b65bc94dea8fc47f4e03c1833263c3622e9,https://github.com/electron/electron/tree/9416091180e18c1ba1f625f86505332a018d9049,https://github.com/electron/electron/compare/6d9e8b65bc94dea8fc47f4e03c1833263c3622e9...9416091180e18c1ba1f625f86505332a018d9049
110,Electron,3a6d6ff0083408588af10a8931f881d7ee134622,e3efa16415ac090b38bd87d6b509ccecc90cefa0,34398,https://github.com/electron/electron/issues/34398,https://github.com/electron/electron/tree/3a6d6ff0083408588af10a8931f881d7ee134622,https://github.com/electron/electron/tree/e3efa16415ac090b38bd87d6b509ccecc90cefa0,https://github.com/electron/electron/compare/3a6d6ff0083408588af10a8931f881d7ee134622...e3efa16415ac090b38bd87d6b509ccecc90cefa0
111,Electron,8646bf8d304d8dc97988227cdf76007c6fa4bfdf,1d95b98cc86a4b4ed757931fd38105b06e3e2556,35255,https://github.com/electron/electron/issues/35255,https://github.com/electron/electron/tree/8646bf8d304d8dc97988227cdf76007c6fa4bfdf,https://github.com/electron/electron/tree/1d95b98cc86a4b4ed757931fd38105b06e3e2556,https://github.com/electron/electron/compare/8646bf8d304d8dc97988227cdf76007c6fa4bfdf...1d95b98cc86a4b4ed757931fd38105b06e3e2556
112,Electron,f5112632a395378a1e21757ebaa7ff4a1a13343a,0af2b8de73ab33f2ae8ecc285e2e9a247e09aaa7,33124,https://github.com/electron/electron/issues/33124,https://github.com/electron/electron/tree/f5112632a395378a1e21757ebaa7ff4a1a13343a,https://github.com/electron/electron/tree/0af2b8de73ab33f2ae8ecc285e2e9a247e09aaa7,https://github.com/electron/electron/compare/f5112632a395378a1e21757ebaa7ff4a1a13343a...0af2b8de73ab33f2ae8ecc285e2e9a247e09aaa7
113,Electron,84f1d78558cb2cf6765191299c9b03ad59c0e6b4,cbdb2e6ec2fae7749b7ebf0a3488ce702493b320,32141,https://github.com/electron/electron/issues/32141,https://github.com/electron/electron/tree/84f1d78558cb2cf6765191299c9b03ad59c0e6b4,https://github.com/electron/electron/tree/cbdb2e6ec2fae7749b7ebf0a3488ce702493b320,https://github.com/electron/electron/compare/84f1d78558cb2cf6765191299c9b03ad59c0e6b4...cbdb2e6ec2fae7749b7ebf0a3488ce702493b320
114,Electron,ff804e3a748c72f4812af8ccf3b1d7442a468f4a,62001dc6cbfd78a82d2fca849ca5eb0504cd0b71,34996,https://github.com/electron/electron/issues/34996,https://github.com/electron/electron/tree/ff804e3a748c72f4812af8ccf3b1d7442a468f4a,https://github.com/electron/electron/tree/62001dc6cbfd78a82d2fca849ca5eb0504cd0b71,https://github.com/electron/electron/compare/ff804e3a748c72f4812af8ccf3b1d7442a468f4a...62001dc6cbfd78a82d2fca849ca5eb0504cd0b71
115,Electron,faafcc7f873f535a3637e54635f262f237071059,e31c96a5647a497e966582479167d57fb8a9ea0c,33014,https://github.com/electron/electron/issues/33014,https://github.com/electron/electron/tree/faafcc7f873f535a3637e54635f262f237071059,https://github.com/electron/electron/tree/e31c96a5647a497e966582479167d57fb8a9ea0c,https://github.com/electron/electron/compare/faafcc7f873f535a3637e54635f262f237071059...e31c96a5647a497e966582479167d57fb8a9ea0c
116,Electron,f3f3f5390423207bd2d26e398a565bf2f13dc759,3e3152008ff569632e0b36d53ac9a24fae515709,38786,https://github.com/electron/electron/issues/38786,https://github.com/electron/electron/tree/f3f3f5390423207bd2d26e398a565bf2f13dc759,https://github.com/electron/electron/tree/3e3152008ff569632e0b36d53ac9a24fae515709,https://github.com/electron/electron/compare/f3f3f5390423207bd2d26e398a565bf2f13dc759...3e3152008ff569632e0b36d53ac9a24fae515709
117,Electron,99f4a42d4135cf2a596abbb31782485e41734230,4935fd24222cf116d7fdbca88fcf7a8bcb98d83c,33353,https://github.com/electron/electron/issues/33353,https://github.com/electron/electron/tree/99f4a42d4135cf2a596abbb31782485e41734230,https://github.com/electron/electron/tree/4935fd24222cf116d7fdbca88fcf7a8bcb98d83c,https://github.com/electron/electron/compare/99f4a42d4135cf2a596abbb31782485e41734230...4935fd24222cf116d7fdbca88fcf7a8bcb98d83c
118,Electron,c82ec0c72b8558a13147fe8f8cd98b2bdef8364e,4f76fff97879ee8f9b2d0dcfd43e686ff8757c69,40461,https://github.com/electron/electron/issues/40461,https://github.com/electron/electron/tree/c82ec0c72b8558a13147fe8f8cd98b2bdef8364e,https://github.com/electron/electron/tree/4f76fff97879ee8f9b2d0dcfd43e686ff8757c69,https://github.com/electron/electron/compare/c82ec0c72b8558a13147fe8f8cd98b2bdef8364e...4f76fff97879ee8f9b2d0dcfd43e686ff8757c69
119,Electron,43a646ed8592f31e0c8fa08b684dac329b7bf976,94585f5889b83d4961a57619aab4f1f041f5b857,39993,https://github.com/electron/electron/issues/39993,https://github.com/electron/electron/tree/43a646ed8592f31e0c8fa08b684dac329b7bf976,https://github.com/electron/electron/tree/94585f5889b83d4961a57619aab4f1f041f5b857,https://github.com/electron/electron/compare/43a646ed8592f31e0c8fa08b684dac329b7bf976...94585f5889b83d4961a57619aab4f1f041f5b857
120,Electron,3e3152008ff569632e0b36d53ac9a24fae515709,905e41bbddd72f4d19c294b430d1a7c282e22a5d,37463,https://github.com/electron/electron/issues/37463,https://github.com/electron/electron/tree/3e3152008ff569632e0b36d53ac9a24fae515709,https://github.com/electron/electron/tree/905e41bbddd72f4d19c294b430d1a7c282e22a5d,https://github.com/electron/electron/compare/3e3152008ff569632e0b36d53ac9a24fae515709...905e41bbddd72f4d19c294b430d1a7c282e22a5d
121,Electron,fa215f1009d17724c1c83845d0e65b3a8082e86d,2190793fe6351e50940dec077907eaac1f16471c,31016,https://github.com/electron/electron/issues/31016,https://github.com/electron/electron/tree/fa215f1009d17724c1c83845d0e65b3a8082e86d,https://github.com/electron/electron/tree/2190793fe6351e50940dec077907eaac1f16471c,https://github.com/electron/electron/compare/fa215f1009d17724c1c83845d0e65b3a8082e86d...2190793fe6351e50940dec077907eaac1f16471c
122,Electron,8c5e7bbf6b8759488f01faa39c583e16966c81e2,e2fe8f50e2e1e55d66dea70ea62e3952edb3ff26,43462,https://github.com/electron/electron/issues/43462,https://github.com/electron/electron/tree/8c5e7bbf6b8759488f01faa39c583e16966c81e2,https://github.com/electron/electron/tree/e2fe8f50e2e1e55d66dea70ea62e3952edb3ff26,https://github.com/electron/electron/compare/8c5e7bbf6b8759488f01faa39c583e16966c81e2...e2fe8f50e2e1e55d66dea70ea62e3952edb3ff26
123,Electron,d0cb298f95c905ba78e4746c560b9be6a1d0208f,f2af35182c9a7b13a7047992cb330652c15cec69,41839,https://github.com/electron/electron/issues/41839,https://github.com/electron/electron/tree/d0cb298f95c905ba78e4746c560b9be6a1d0208f,https://github.com/electron/electron/tree/f2af35182c9a7b13a7047992cb330652c15cec69,https://github.com/electron/electron/compare/d0cb298f95c905ba78e4746c560b9be6a1d0208f...f2af35182c9a7b13a7047992cb330652c15cec69
124,Electron,d4413a8e53590b43d622ad9dce4259be89acbb8c,80906c0adb1e1b8103dcdfb8340c4b660b330c25,39658,https://github.com/electron/electron/issues/39658,https://github.com/electron/electron/tree/d4413a8e53590b43d622ad9dce4259be89acbb8c,https://github.com/electron/electron/tree/80906c0adb1e1b8103dcdfb8340c4b660b330c25,https://github.com/electron/electron/compare/d4413a8e53590b43d622ad9dce4259be89acbb8c...80906c0adb1e1b8103dcdfb8340c4b660b330c25
125,Electron,d4413a8e53590b43d622ad9dce4259be89acbb8c,80906c0adb1e1b8103dcdfb8340c4b660b330c25,40754,https://github.com/electron/electron/issues/40754,https://github.com/electron/electron/tree/d4413a8e53590b43d622ad9dce4259be89acbb8c,https://github.com/electron/electron/tree/80906c0adb1e1b8103dcdfb8340c4b660b330c25,https://github.com/electron/electron/compare/d4413a8e53590b43d622ad9dce4259be89acbb8c...80906c0adb1e1b8103dcdfb8340c4b660b330c25
126,Electron,d4413a8e53590b43d622ad9dce4259be89acbb8c,80906c0adb1e1b8103dcdfb8340c4b660b330c25,40826,https://github.com/electron/electron/issues/40826,https://github.com/electron/electron/tree/d4413a8e53590b43d622ad9dce4259be89acbb8c,https://github.com/electron/electron/tree/80906c0adb1e1b8103dcdfb8340c4b660b330c25,https://github.com/electron/electron/compare/d4413a8e53590b43d622ad9dce4259be89acbb8c...80906c0adb1e1b8103dcdfb8340c4b660b330c25
127,Electron,f331606e0718a291d14d21ec3218b21543b90d8d,e39943bf4578e91da598923fd60f87a0a562c522,48057,https://github.com/electron/electron/issues/48057,https://github.com/electron/electron/tree/f331606e0718a291d14d21ec3218b21543b90d8d,https://github.com/electron/electron/tree/e39943bf4578e91da598923fd60f87a0a562c522,https://github.com/electron/electron/compare/f331606e0718a291d14d21ec3218b21543b90d8d...e39943bf4578e91da598923fd60f87a0a562c522
128,Electron,7925a4fe78cf48053daa653965971c1652de2293,a611881ff3f03d18517af746f723bbd2b401f6b7,48594,https://github.com/electron/electron/issues/48594,https://github.com/electron/electron/tree/7925a4fe78cf48053daa653965971c1652de2293,https://github.com/electron/electron/tree/a611881ff3f03d18517af746f723bbd2b401f6b7,https://github.com/electron/electron/compare/7925a4fe78cf48053daa653965971c1652de2293...a611881ff3f03d18517af746f723bbd2b401f6b7
129,Electron,45f90cd5ddcdf748f692fd877d9120d99d106b58,6953f5505f76e5faa72c8a27b826b8d83d28eddc,43010,https://github.com/electron/electron/issues/43010,https://github.com/electron/electron/tree/45f90cd5ddcdf748f692fd877d9120d99d106b58,https://github.com/electron/electron/tree/6953f5505f76e5faa72c8a27b826b8d83d28eddc,https://github.com/electron/electron/compare/45f90cd5ddcdf748f692fd877d9120d99d106b58...6953f5505f76e5faa72c8a27b826b8d83d28eddc
130,Electron,45f90cd5ddcdf748f692fd877d9120d99d106b58,6953f5505f76e5faa72c8a27b826b8d83d28eddc,43003,https://github.com/electron/electron/issues/43003,https://github.com/electron/electron/tree/45f90cd5ddcdf748f692fd877d9120d99d106b58,https://github.com/electron/electron/tree/6953f5505f76e5faa72c8a27b826b8d83d28eddc,https://github.com/electron/electron/compare/45f90cd5ddcdf748f692fd877d9120d99d106b58...6953f5505f76e5faa72c8a27b826b8d83d28eddc
131,Electron,45f90cd5ddcdf748f692fd877d9120d99d106b58,6953f5505f76e5faa72c8a27b826b8d83d28eddc,42336,https://github.com/electron/electron/issues/42336,https://github.com/electron/electron/tree/45f90cd5ddcdf748f692fd877d9120d99d106b58,https://github.com/electron/electron/tree/6953f5505f76e5faa72c8a27b826b8d83d28eddc,https://github.com/electron/electron/compare/45f90cd5ddcdf748f692fd877d9120d99d106b58...6953f5505f76e5faa72c8a27b826b8d83d28eddc
132,Electron,45f90cd5ddcdf748f692fd877d9120d99d106b58,6953f5505f76e5faa72c8a27b826b8d83d28eddc,42975,https://github.com/electron/electron/issues/42975,https://github.com/electron/electron/tree/45f90cd5ddcdf748f692fd877d9120d99d106b58,https://github.com/electron/electron/tree/6953f5505f76e5faa72c8a27b826b8d83d28eddc,https://github.com/electron/electron/compare/45f90cd5ddcdf748f692fd877d9120d99d106b58...6953f5505f76e5faa72c8a27b826b8d83d28eddc
133,Electron,be1a3dce83739ddd5fd916615a08c13eb9db7766,e2e71502b19114f91b9f622745c52b07ff8708a6,44336,https://github.com/electron/electron/issues/44336,https://github.com/electron/electron/tree/be1a3dce83739ddd5fd916615a08c13eb9db7766,https://github.com/electron/electron/tree/e2e71502b19114f91b9f622745c52b07ff8708a6,https://github.com/electron/electron/compare/be1a3dce83739ddd5fd916615a08c13eb9db7766...e2e71502b19114f91b9f622745c52b07ff8708a6
134,Electron,d7c6fb8250ad4839172b96193810956ce897c24e,96460becf9ab0bf49d7d556a5c567da3c4217701,45415,https://github.com/electron/electron/issues/45415,https://github.com/electron/electron/tree/d7c6fb8250ad4839172b96193810956ce897c24e,https://github.com/electron/electron/tree/96460becf9ab0bf49d7d556a5c567da3c4217701,https://github.com/electron/electron/compare/d7c6fb8250ad4839172b96193810956ce897c24e...96460becf9ab0bf49d7d556a5c567da3c4217701
